,cname,pctbothbenchmark12,numtsttakr12
1,Colusa,0.0,10.0
2,Los Angeles,0.1373,102.0
3,Los Angeles,0.1593,113.0
4,Los Angeles,0.0,14.0
5,Los Angeles,0.3396,106.0
6,Orange,0.6947,190.0
7,Riverside,0.1176,17.0
8,Imperial,0.1852,27.0
9,Los Angeles,0.0882,68.0
10,Riverside,0.402,204.0
11,San Bernardino,0.0,1.0
13,Los Angeles,0.4265,68.0
14,Los Angeles,0.0,4.0
15,Riverside,0.31579999999999997,38.0
16,San Bernardino,0.0,7.0
17,San Bernardino,0.3602,186.0
18,San Diego,0.4375,64.0
20,Fresno,0.39659999999999995,237.0
21,Riverside,0.0,1.0
22,San Joaquin,0.20309999999999997,192.0
23,Los Angeles,0.39380000000000004,193.0
24,Los Angeles,0.3043,23.0
25,Los Angeles,0.6809000000000001,47.0
26,Los Angeles,0.7993000000000001,269.0
27,Nevada,0.6966,89.0
28,Orange,0.8732,205.0
29,San Mateo,0.4448,344.0
30,Contra Costa,0.2329,249.0
31,Humboldt,0.0,13.0
32,Los Angeles,0.2771,166.0
33,Los Angeles,0.0964,83.0
34,Los Angeles,0.16949999999999998,932.0
35,Placer,0.0,2.0
37,San Mateo,0.8571,147.0
38,San Mateo,0.593,86.0
39,Alameda,0.7415999999999999,178.0
40,Glenn,0.0,3.0
41,Los Angeles,0.3529,17.0
42,Los Angeles,0.0,1.0
44,San Francisco,0.9102,423.0
46,Alameda,0.0,1.0
47,Marin,0.7987000000000001,149.0
48,Riverside,0.6667000000000001,33.0
49,Sacramento,0.0,1.0
50,San Diego,0.0556,18.0
51,San Diego,0.44,25.0
52,San Joaquin,0.23379999999999998,77.0
54,Contra Costa,0.6393,244.0
55,Fresno,0.0,27.0
56,Fresno,0.5357,28.0
57,Orange,0.0,14.0
58,Riverside,0.3214,112.0
59,San Bernardino,0.6331,556.0
60,San Bernardino,0.0,79.0
61,San Bernardino,0.2175,354.0
62,El Dorado,0.0,2.0
63,Los Angeles,0.6654000000000001,263.0
64,Los Angeles,0.0323,31.0
65,Merced,0.3579,95.0
66,San Bernardino,0.29410000000000003,17.0
67,San Bernardino,0.22769999999999999,202.0
68,San Bernardino,0.46,50.0
69,San Diego,0.0,4.0
70,San Joaquin,0.578,173.0
72,Los Angeles,0.1724,29.0
73,Los Angeles,0.5826,218.0
74,Merced,0.3099,142.0
75,Merced,0.3909,110.0
76,Sacramento,0.6218,119.0
77,San Diego,0.0,4.0
78,San Diego,0.6911,191.0
80,Los Angeles,0.2114,123.0
81,Los Angeles,0.6,80.0
82,Madera,0.20929999999999999,86.0
83,Madera,0.0,2.0
85,Placer,0.5489999999999999,51.0
86,Los Angeles,0.69,100.0
87,Los Angeles,0.13849999999999998,65.0
89,Orange,0.19940000000000002,321.0
90,Sacramento,0.0,8.0
91,San Bernardino,0.1481,108.0
92,San Diego,0.7923,183.0
93,Sonoma,0.0,1.0
94,Sonoma,0.0,3.0
95,Siskiyou,0.375,16.0
96,Trinity,0.0,2.0
97,Tulare,0.0,7.0
98,Alameda,0.47619999999999996,21.0
99,Kern,0.5909,242.0
100,Los Angeles,0.0,14.0
101,Los Angeles,0.6047,296.0
102,Los Angeles,0.2,15.0
103,Orange,0.0,1.0
105,San Bernardino,0.0,2.0
106,San Bernardino,0.193,114.0
107,San Joaquin,0.20550000000000002,73.0
108,Santa Clara,0.449,49.0
109,San Joaquin,0.6061,132.0
110,Tulare,0.1,60.0
111,San Joaquin,0.2353,68.0
112,Solano,0.23329999999999998,60.0
113,Tulare,0.4462,130.0
115,San Diego,0.3062,209.0
116,San Luis Obispo,0.0,1.0
117,Santa Clara,0.8922,204.0
118,Alameda,0.8421,114.0
119,Fresno,0.0,3.0
120,Nevada,0.0,10.0
122,Ventura,0.1567,402.0
123,Stanislaus,0.4213,235.0
124,Santa Cruz,0.75,112.0
125,El Dorado,0.0,12.0
126,Los Angeles,0.0,1.0
127,Orange,0.0,2.0
128,Orange,0.6319,163.0
129,Orange,0.5907,215.0
131,Sacramento,0.2545,55.0
132,San Diego,0.7957,186.0
133,Santa Barbara,0.0,1.0
134,Santa Barbara,0.0,8.0
135,Stanislaus,0.4389,221.0
136,Kern,0.3261,46.0
137,Los Angeles,0.0,3.0
139,Riverside,0.0,5.0
140,Fresno,0.0,12.0
141,Los Angeles,0.0,1.0
142,Los Angeles,0.2368,38.0
143,Los Angeles,0.0,2.0
144,Alameda,0.953,149.0
145,Contra Costa,0.5368999999999999,203.0
146,Fresno,0.1304,69.0
148,Orange,0.7116,319.0
149,Riverside,0.4286,238.0
150,San Bernardino,0.23399999999999999,282.0
151,Contra Costa,0.32130000000000003,277.0
152,Humboldt,0.0,3.0
153,Orange,0.3504,137.0
154,Riverside,0.1996,471.0
155,San Bernardino,0.29710000000000003,138.0
156,Alameda,0.16670000000000001,42.0
158,Los Angeles,0.1389,36.0
159,Los Angeles,0.4219,64.0
160,Los Angeles,0.4703,202.0
161,Riverside,0.0,1.0
162,San Bernardino,0.516,376.0
163,San Bernardino,0.6842,19.0
164,San Diego,0.5841,113.0
165,Contra Costa,0.11539999999999999,26.0
166,Contra Costa,0.0155,129.0
167,Los Angeles,0.8654000000000001,260.0
168,Marin,0.7091,110.0
169,San Bernardino,0.4483,29.0
170,San Francisco,0.3043,23.0
171,Fresno,0.0,7.0
172,Fresno,0.6994,173.0
173,Los Angeles,0.4646,396.0
174,Los Angeles,0.175,40.0
175,Los Angeles,0.1346,52.0
176,Merced,0.3297,91.0
177,Riverside,0.2115,52.0
178,Riverside,0.0,1.0
179,San Diego,0.43479999999999996,23.0
180,San Joaquin,0.33649999999999997,104.0
181,Calaveras,0.6304,46.0
182,Colusa,0.1429,21.0
183,Monterey,0.2727,110.0
185,San Luis Obispo,0.7551000000000001,49.0
187,Madera,0.35,20.0
188,Madera,0.0,1.0
189,Placer,0.0,1.0
190,Sacramento,0.5115,217.0
192,San Diego,0.2992,127.0
193,San Diego,0.6484000000000001,219.0
194,San Diego,0.0,14.0
195,Santa Barbara,0.0,4.0
196,Orange,0.8059999999999999,335.0
197,Riverside,0.1322,174.0
198,Fresno,0.6321,299.0
199,Los Angeles,0.3182,22.0
200,Modoc,0.0,3.0
201,San Joaquin,0.0,6.0
202,Santa Clara,0.7696999999999999,165.0
203,Tulare,0.0,11.0
204,San Diego,0.0,3.0
205,Santa Cruz,0.0,2.0
206,Yolo,0.5161,31.0
207,Tehama,0.0,14.0
208,Trinity,0.0,10.0
209,Butte,0.6774,31.0
210,Fresno,0.0,4.0
211,Los Angeles,0.1304,46.0
212,Riverside,0.17079999999999998,439.0
213,Santa Clara,0.5652,46.0
214,Santa Clara,0.0882,34.0
216,Santa Clara,0.8343,344.0
217,Tulare,0.5423,142.0
218,Kern,0.0,2.0
219,Los Angeles,0.4118,34.0
220,Orange,0.0958,407.0
221,Sacramento,0.0,10.0
222,Sacramento,0.0222,45.0
223,San Diego,0.8629000000000001,175.0
224,San Luis Obispo,0.6154,52.0
226,Tuolumne,0.0,8.0
227,San Diego,0.3223,121.0
228,San Diego,0.6812999999999999,182.0
229,San Diego,0.0,1.0
230,Sonoma,0.5495,91.0
231,Los Angeles,0.095,463.0
232,Los Angeles,0.0,1.0
233,Los Angeles,0.8732,205.0
234,Riverside,0.5333,225.0
235,San Diego,0.0,1.0
236,Santa Clara,0.6327,49.0
237,Ventura,0.6386999999999999,119.0
238,San Francisco,0.2929,140.0
240,Los Angeles,0.6701,291.0
241,Riverside,0.0,2.0
242,Sutter,0.0,2.0
243,Alameda,0.0,6.0
244,Alameda,0.0,1.0
245,Butte,0.7726999999999999,22.0
246,Butte,0.0,2.0
248,Butte,0.0,6.0
249,Fresno,0.5333,60.0
251,Kern,0.2434,152.0
252,Kern,0.2541,122.0
253,Los Angeles,0.0,2.0
254,Los Angeles,0.2157,102.0
255,Los Angeles,0.6881,202.0
256,Los Angeles,0.8431000000000001,51.0
257,Monterey,0.0,3.0
258,Monterey,0.0,1.0
259,Alameda,0.0,1.0
260,Alameda,0.3023,43.0
261,Imperial,0.41759999999999997,91.0
262,Los Angeles,0.12,25.0
263,Los Angeles,0.0,54.0
264,Mendocino,0.0,4.0
266,Sacramento,0.0,1.0
267,Contra Costa,0.5,118.0
268,Contra Costa,0.0,5.0
269,Fresno,0.0,3.0
270,Lake,0.3111,45.0
271,Lake,0.2121,33.0
272,Nevada,1.0,32.0
273,Orange,0.8571,168.0
274,Riverside,0.561,287.0
275,San Bernardino,0.0,1.0
276,San Diego,0.2703,74.0
278,Butte,0.0,8.0
279,Kern,0.0,6.0
280,Kern,0.6,30.0
281,Los Angeles,0.8571,266.0
283,Monterey,0.39740000000000003,78.0
284,San Bernardino,0.0,3.0
285,Los Angeles,0.48,25.0
286,Los Angeles,0.21280000000000002,47.0
287,Los Angeles,0.0,1.0
288,Los Angeles,0.0,2.0
289,Los Angeles,0.21760000000000002,193.0
290,Los Angeles,0.1553,206.0
291,Riverside,0.39840000000000003,256.0
293,Fresno,0.2727,22.0
294,Los Angeles,0.9176000000000001,170.0
295,Los Angeles,0.0,5.0
296,Los Angeles,0.0,3.0
297,Los Angeles,0.0,1.0
298,Los Angeles,0.0,2.0
300,Alameda,0.5484,124.0
301,Contra Costa,0.0,1.0
302,Lassen,0.4,40.0
303,Los Angeles,0.21280000000000002,47.0
304,San Bernardino,0.0,3.0
305,Alameda,0.48109999999999997,106.0
306,Humboldt,0.0,4.0
307,Humboldt,0.48210000000000003,56.0
308,Los Angeles,0.1429,42.0
309,Los Angeles,0.0,2.0
310,Riverside,0.0,7.0
311,San Diego,0.20879999999999999,91.0
312,San Diego,0.0,4.0
313,Alameda,0.3116,138.0
315,Mendocino,0.6,30.0
316,Orange,0.5306000000000001,245.0
317,Sacramento,0.5664,113.0
318,Alameda,0.39899999999999997,193.0
319,Los Angeles,0.048799999999999996,41.0
320,Los Angeles,0.1333,135.0
321,Los Angeles,0.8785,181.0
322,Riverside,0.4048,252.0
323,Riverside,0.0,4.0
327,Contra Costa,0.15810000000000002,291.0
328,Los Angeles,0.354,161.0
329,Los Angeles,0.0,4.0
330,Los Angeles,0.3579,95.0
331,Los Angeles,0.5522,67.0
332,San Bernardino,0.2353,17.0
333,San Diego,0.0,5.0
335,San Francisco,0.0,8.0
336,San Mateo,0.0,3.0
338,Contra Costa,0.0,1.0
339,Contra Costa,0.0,1.0
340,Kings,0.32909999999999995,79.0
341,Los Angeles,0.3268,254.0
342,Los Angeles,0.3177,192.0
343,Los Angeles,0.3071,127.0
344,Los Angeles,0.7156999999999999,204.0
345,Los Angeles,0.0789,38.0
346,Napa,0.1875,16.0
347,Alameda,0.8436,179.0
348,Los Angeles,0.08,50.0
349,Los Angeles,0.2949,78.0
350,Orange,0.4233,489.0
351,Riverside,0.2389,113.0
354,El Dorado,0.0,12.0
355,Riverside,0.37810000000000005,201.0
356,San Diego,0.2637,201.0
357,San Diego,0.2561,82.0
358,Tulare,0.6154,26.0
359,Tulare,0.0,11.0
361,Santa Clara,0.4459,148.0
362,Santa Clara,0.6754000000000001,268.0
363,San Luis Obispo,0.6335999999999999,131.0
364,Santa Clara,0.9695,197.0
366,Sonoma,0.6122,98.0
367,Santa Clara,0.5906,171.0
368,Stanislaus,0.5,20.0
369,San Mateo,0.5714,77.0
370,Santa Clara,0.0,2.0
371,Sonoma,0.0,3.0
373,Stanislaus,0.5176,199.0
374,Ventura,0.8903,155.0
375,San Bernardino,0.0,1.0
377,Stanislaus,0.3182,66.0
378,San Joaquin,0.4242,33.0
379,Santa Barbara,0.0,1.0
380,Shasta,0.8472,72.0
381,Shasta,0.8116,69.0
382,Sutter,0.0,1.0
383,Contra Costa,0.32939999999999997,85.0
384,Los Angeles,0.08220000000000001,73.0
385,Sacramento,0.40409999999999996,245.0
386,San Diego,0.6218,238.0
387,San Diego,0.5982,112.0
388,Yolo,0.7895,38.0
389,Contra Costa,0.9037000000000001,270.0
390,Los Angeles,0.0,2.0
391,Los Angeles,0.0,9.0
392,Los Angeles,0.0704,142.0
393,Marin,0.5635,126.0
394,Marin,0.0,3.0
395,Sacramento,0.15289999999999998,85.0
396,San Diego,0.11900000000000001,168.0
397,Stanislaus,0.47369999999999995,171.0
398,Los Angeles,0.34740000000000004,95.0
399,Los Angeles,0.060599999999999994,33.0
400,Madera,0.3521,71.0
401,Orange,0.9381,113.0
402,Orange,0.21109999999999998,199.0
403,Orange,0.3643,129.0
404,Orange,0.4386,114.0
405,Orange,0.7241,203.0
406,Placer,0.6970000000000001,165.0
408,Contra Costa,0.3654,208.0
409,Contra Costa,0.1242,322.0
410,Los Angeles,0.0973,185.0
411,Los Angeles,0.6364,66.0
412,Los Angeles,0.0,2.0
413,Los Angeles,0.41759999999999997,91.0
414,Los Angeles,0.08259999999999999,109.0
415,Los Angeles,0.7820999999999999,179.0
416,Los Angeles,0.0,68.0
417,San Bernardino,0.0,5.0
419,Alameda,0.25,16.0
420,Los Angeles,0.0,40.0
421,Merced,0.1628,43.0
422,Merced,0.1707,82.0
423,Orange,0.0,77.0
424,Calaveras,0.7027,37.0
426,Fresno,0.35,100.0
427,Los Angeles,0.0,1.0
428,Los Angeles,0.0,14.0
429,Monterey,0.1481,54.0
430,San Diego,0.0,14.0
431,San Diego,0.0,1.0
432,San Diego,0.6928,319.0
433,San Diego,0.3897,195.0
434,Los Angeles,0.16390000000000002,61.0
435,Los Angeles,0.6667000000000001,63.0
436,Los Angeles,0.0,7.0
437,Orange,0.7559999999999999,250.0
438,Fresno,0.15789999999999998,57.0
439,Los Angeles,0.41859999999999997,43.0
440,Monterey,0.0,1.0
441,Sacramento,0.2756,283.0
442,San Bernardino,0.11900000000000001,42.0
443,San Bernardino,0.3611,108.0
444,San Luis Obispo,0.5789,19.0
446,Contra Costa,0.8856999999999999,105.0
447,Kings,0.3265,49.0
448,Los Angeles,0.6503,306.0
449,Los Angeles,0.425,200.0
450,Los Angeles,0.5692,130.0
452,San Bernardino,0.5882000000000001,17.0
453,San Diego,0.4894,188.0
454,Alameda,0.0,25.0
456,Kern,0.25,104.0
457,Los Angeles,0.0,1.0
458,Los Angeles,0.0,3.0
460,Los Angeles,0.8123,293.0
461,Los Angeles,0.0,2.0
462,Los Angeles,0.3333,18.0
463,San Joaquin,0.16469999999999999,170.0
465,Solano,0.5661,189.0
466,Contra Costa,0.47369999999999995,38.0
467,Los Angeles,0.0,11.0
468,Los Angeles,0.1714,105.0
469,Los Angeles,0.0,3.0
471,Orange,0.8645999999999999,229.0
472,Riverside,0.0,6.0
473,Stanislaus,0.0,7.0
474,Del Norte,0.4225,71.0
476,Los Angeles,0.713,230.0
477,Santa Barbara,0.0,3.0
479,Los Angeles,0.1705,88.0
480,Merced,0.2605,119.0
481,Orange,0.2921,89.0
482,Riverside,0.16269999999999998,338.0
483,Sacramento,0.0,3.0
484,Sacramento,0.0,5.0
485,El Dorado,0.8515999999999999,256.0
486,Los Angeles,0.0857,35.0
487,Riverside,0.6396999999999999,136.0
488,Sacramento,0.0,12.0
489,Riverside,0.2865,192.0
490,San Bernardino,0.0,8.0
491,Santa Clara,0.2481,133.0
492,Tulare,0.48,75.0
493,Santa Clara,0.6994,163.0
494,Ventura,0.0,3.0
495,San Diego,0.0,1.0
497,Ventura,0.0,10.0
498,Lassen,0.0,3.0
499,Lassen,0.0,2.0
500,Los Angeles,0.0,3.0
501,Santa Clara,0.3143,35.0
502,San Francisco,0.1463,41.0
503,San Francisco,0.0,1.0
504,San Mateo,0.11900000000000001,42.0
505,San Mateo,0.12119999999999999,33.0
506,San Mateo,0.6701,194.0
507,Stanislaus,0.456,193.0
508,Ventura,0.7025,121.0
509,Los Angeles,0.047599999999999996,63.0
510,Los Angeles,0.6794,287.0
511,Mendocino,0.0,1.0
513,Santa Cruz,0.23879999999999998,134.0
514,Sutter,0.5195000000000001,77.0
515,Alameda,0.0,2.0
516,Los Angeles,0.3387,62.0
517,Marin,0.22219999999999998,27.0
518,San Diego,0.4545,33.0
519,Santa Barbara,0.5789,19.0
522,Sutter,0.0,7.0
523,Los Angeles,0.6102000000000001,177.0
524,Los Angeles,0.0,4.0
525,Los Angeles,0.0,5.0
526,Los Angeles,0.0652,46.0
527,Orange,0.8092,152.0
528,Orange,0.10529999999999999,551.0
529,Riverside,0.0,5.0
530,Contra Costa,0.711,218.0
531,Fresno,0.2157,51.0
533,Fresno,0.34380000000000005,320.0
534,Los Angeles,0.0,1.0
535,Los Angeles,0.131,84.0
536,Los Angeles,0.1852,27.0
537,Los Angeles,0.0,6.0
538,Riverside,0.2462,65.0
539,Riverside,0.129,31.0
540,San Bernardino,0.4318,44.0
541,Alameda,0.8906000000000001,64.0
542,Los Angeles,0.2966,381.0
543,Orange,0.0,10.0
544,San Bernardino,0.2974,232.0
545,Los Angeles,0.19149999999999998,47.0
546,Los Angeles,0.0435,23.0
547,Los Angeles,0.3043,23.0
548,Los Angeles,0.08109999999999999,37.0
549,Orange,0.6456999999999999,127.0
550,Sacramento,0.3226,62.0
551,Sacramento,0.8867,150.0
552,San Diego,0.777,139.0
553,Alameda,0.8378,259.0
554,Kern,0.3009,113.0
555,Los Angeles,0.1406,64.0
557,Placer,0.7179000000000001,39.0
558,Sacramento,0.6701999999999999,285.0
559,Los Angeles,0.0395,76.0
563,Placer,0.0,1.0
564,Sacramento,0.0,2.0
565,San Bernardino,0.4658,73.0
566,San Francisco,0.0638,47.0
568,Los Angeles,0.2091,220.0
570,San Bernardino,0.0,8.0
571,Fresno,0.1522,46.0
572,Kings,0.0,3.0
574,Los Angeles,0.21739999999999998,92.0
575,Los Angeles,0.7829,387.0
576,Orange,0.6349,189.0
577,Riverside,0.3125,224.0
578,San Benito,0.47619999999999996,21.0
579,San Diego,0.5549000000000001,328.0
580,Alameda,0.8492000000000001,179.0
582,San Bernardino,0.6376,367.0
583,San Diego,0.7852,149.0
584,Santa Clara,0.929,183.0
585,Contra Costa,0.7870999999999999,155.0
587,Imperial,0.0,1.0
588,Los Angeles,0.5031,161.0
589,Los Angeles,0.09300000000000001,43.0
590,Los Angeles,0.0217,46.0
591,Los Angeles,0.20829999999999999,48.0
592,Riverside,0.0,6.0
593,San Bernardino,0.2826,46.0
595,San Diego,0.0,1.0
596,San Diego,0.3704,27.0
597,Fresno,0.059500000000000004,84.0
599,Los Angeles,0.5186999999999999,268.0
602,San Diego,0.47979999999999995,223.0
603,San Mateo,0.5905,105.0
604,Santa Clara,0.0,1.0
606,Alameda,0.3125,16.0
607,Los Angeles,0.29469999999999996,95.0
608,Los Angeles,0.08109999999999999,37.0
609,Los Angeles,0.4304,158.0
610,Riverside,0.272,125.0
611,Sacramento,0.381,42.0
612,Sutter,0.4571,35.0
613,San Diego,0.0,5.0
614,Siskiyou,0.5366,41.0
616,Alameda,0.1311,61.0
617,Fresno,0.3427,143.0
618,Kern,0.3012,166.0
619,Riverside,0.0,33.0
620,Sacramento,0.6154,52.0
621,San Joaquin,0.2027,74.0
622,Tulare,0.1393,122.0
623,Sonoma,0.09519999999999999,21.0
624,San Joaquin,0.6292,89.0
625,Santa Clara,0.6214,140.0
627,San Diego,0.9167000000000001,156.0
628,Sonoma,0.0,2.0
629,Tuolumne,0.625,24.0
630,Tuolumne,0.0,6.0
631,Ventura,0.0,1.0
632,Sonoma,0.8484999999999999,99.0
634,Sonoma,0.6778,90.0
635,Los Angeles,0.1358,81.0
636,Los Angeles,0.1791,430.0
637,Orange,0.6905,252.0
638,San Bernardino,0.32780000000000004,241.0
640,Ventura,0.2057,491.0
641,Santa Cruz,0.875,48.0
642,Santa Cruz,0.575,40.0
643,Shasta,0.0,6.0
644,Shasta,0.0,3.0
645,Kern,0.6146,192.0
646,Kern,0.1759,216.0
647,Los Angeles,0.6257,179.0
649,Los Angeles,0.28300000000000003,53.0
650,Los Angeles,0.5029,175.0
651,Los Angeles,0.0,9.0
652,Orange,0.7556999999999999,176.0
653,Riverside,0.2138,538.0
654,Riverside,0.0,1.0
655,Humboldt,0.6667000000000001,15.0
656,Los Angeles,0.4861,72.0
657,Los Angeles,0.36840000000000006,19.0
658,Los Angeles,0.11109999999999999,279.0
659,Madera,0.18460000000000001,130.0
660,Orange,0.0,1.0
661,Placer,0.0,12.0
662,Placer,0.6831999999999999,101.0
663,Alameda,0.0,5.0
665,Contra Costa,0.3077,104.0
666,Sacramento,0.7138,283.0
667,San Bernardino,0.2775,227.0
668,San Diego,0.4857,105.0
669,San Francisco,0.2519,131.0
670,Contra Costa,0.823,243.0
671,Los Angeles,0.20620000000000002,97.0
672,Los Angeles,0.09179999999999999,98.0
673,Los Angeles,0.20929999999999999,43.0
676,Fresno,0.25420000000000004,59.0
677,Los Angeles,0.1,60.0
678,Modoc,0.0,4.0
680,Fresno,0.248,379.0
681,Los Angeles,0.0817,208.0
682,Los Angeles,0.1531,294.0
683,Los Angeles,0.09480000000000001,116.0
684,Nevada,0.0,1.0
685,Orange,0.0,2.0
686,San Diego,0.0,1.0
687,San Diego,0.0,4.0
688,San Mateo,0.5263,171.0
689,Alameda,0.6129,186.0
690,Los Angeles,0.18600000000000003,86.0
691,Los Angeles,0.25,24.0
692,Riverside,0.40399999999999997,99.0
693,Sacramento,0.2,15.0
694,San Bernardino,0.0,1.0
695,San Bernardino,0.25429999999999997,173.0
696,San Bernardino,0.2823,124.0
697,San Diego,0.37070000000000003,116.0
698,Santa Barbara,0.6957,69.0
700,Kern,0.0,3.0
701,Los Angeles,0.047599999999999996,21.0
702,Los Angeles,0.6011,188.0
703,Los Angeles,0.3452,84.0
704,Los Angeles,0.08380000000000001,334.0
705,Los Angeles,0.0,5.0
706,San Mateo,0.7848999999999999,172.0
707,Inyo,0.0,23.0
708,Los Angeles,0.15109999999999998,139.0
709,Los Angeles,0.04,25.0
710,Los Angeles,0.22219999999999998,45.0
711,Mendocino,0.2,25.0
712,Riverside,0.0,4.0
713,Santa Barbara,0.6688,157.0
714,Shasta,0.623,61.0
715,Contra Costa,0.0,1.0
716,Fresno,0.2195,41.0
717,Madera,0.0,1.0
718,San Diego,0.0,11.0
719,Los Angeles,0.0,12.0
721,San Diego,0.375,32.0
723,Santa Clara,0.21050000000000002,19.0
724,Colusa,0.0,29.0
726,Los Angeles,0.6847,203.0
727,Los Angeles,0.0,1.0
728,Los Angeles,0.6949,118.0
729,Los Angeles,0.5325,154.0
730,Los Angeles,0.29109999999999997,158.0
731,Napa,0.0,5.0
732,San Bernardino,0.4372,231.0
733,San Diego,0.6585,41.0
734,Tehama,0.6,30.0
735,Los Angeles,0.11630000000000001,43.0
736,Los Angeles,0.10189999999999999,108.0
737,Riverside,0.242,405.0
738,Sacramento,0.15380000000000002,26.0
739,San Joaquin,0.22,50.0
740,Solano,0.6277,94.0
741,Sacramento,0.1081,37.0
742,Sacramento,0.0,3.0
744,Solano,0.0,2.0
745,Tulare,0.12,100.0
746,Butte,0.7308,52.0
748,Monterey,0.2981,161.0
749,Solano,0.5906,127.0
750,Kern,0.7209,86.0
751,Kings,0.0,2.0
752,Los Angeles,0.2216,176.0
754,Los Angeles,0.0,13.0
755,Los Angeles,0.2623,183.0
756,Stanislaus,0.2,190.0
757,Ventura,0.8059999999999999,67.0
758,Ventura,0.609,133.0
759,San Diego,0.48450000000000004,97.0
760,San Diego,0.3761,109.0
762,Stanislaus,0.2703,111.0
763,Santa Cruz,0.0,4.0
764,Yolo,0.0,1.0
765,Yuba,0.5,52.0
767,Shasta,0.0,5.0
768,Madera,0.0,7.0
769,Madera,0.0,6.0
770,Orange,0.7646999999999999,153.0
771,Orange,0.7990999999999999,234.0
772,Alameda,0.2759,29.0
773,Alameda,0.04650000000000001,43.0
775,Marin,0.8976999999999999,176.0
776,Riverside,0.02,50.0
779,San Bernardino,0.0455,44.0
780,San Bernardino,0.55,360.0
781,Alameda,0.11109999999999999,45.0
782,Alameda,0.5397,63.0
783,Alameda,0.0909,22.0
784,Imperial,0.3934,183.0
785,Los Angeles,0.5714,182.0
786,Los Angeles,0.7639,72.0
787,Sacramento,0.42700000000000005,89.0
788,Alameda,0.1429,28.0
789,Los Angeles,0.31670000000000004,60.0
790,Merced,0.24170000000000003,120.0
792,San Bernardino,0.2021,94.0
793,San Joaquin,0.0,13.0
794,Orange,0.0,2.0
795,Sacramento,0.7034,145.0
796,San Diego,0.8275,255.0
797,San Diego,0.3043,92.0
798,San Diego,0.5126,119.0
800,San Joaquin,0.3333,75.0
801,Kern,0.5323,62.0
803,Monterey,0.2888,232.0
804,Riverside,0.1931,145.0
805,Riverside,0.34740000000000004,213.0
806,San Joaquin,0.45770000000000005,142.0
808,Los Angeles,0.25,20.0
809,Los Angeles,0.18030000000000002,183.0
810,Los Angeles,0.25,192.0
811,Los Angeles,0.6167,240.0
812,Los Angeles,0.6856,299.0
813,Riverside,0.0,7.0
814,Riverside,0.5385,221.0
815,Kern,0.40630000000000005,128.0
816,Los Angeles,0.09759999999999999,41.0
817,San Joaquin,0.0,2.0
818,San Joaquin,0.0,7.0
819,Contra Costa,0.25,44.0
820,Contra Costa,0.013500000000000002,74.0
821,Los Angeles,0.8454999999999999,369.0
822,Placer,0.7876000000000001,193.0
824,San Diego,0.0,8.0
826,San Francisco,0.047599999999999996,42.0
827,San Mateo,0.7219,151.0
828,Contra Costa,0.7651,149.0
829,Fresno,0.0,1.0
830,Kings,0.0,2.0
832,Los Angeles,0.0,6.0
833,Los Angeles,0.0,11.0
834,Los Angeles,0.0,12.0
835,Orange,0.8023,258.0
836,Santa Clara,0.7404999999999999,185.0
837,Contra Costa,0.5652,115.0
838,Lassen,0.0,6.0
840,Riverside,0.4581,310.0
841,San Bernardino,0.3593,270.0
842,Santa Clara,0.5,160.0
843,Sonoma,0.7037,27.0
844,Ventura,0.5714,49.0
845,Siskiyou,0.0,10.0
846,Tulare,0.2727,33.0
847,Fresno,0.0,3.0
848,Los Angeles,0.0759,79.0
849,Sacramento,0.5455,77.0
850,San Bernardino,0.23600000000000002,89.0
851,Santa Clara,0.5571,140.0
852,Solano,0.4754,122.0
853,Sonoma,0.6881999999999999,93.0
854,Tulare,0.40590000000000004,101.0
855,Solano,0.5,32.0
857,Fresno,0.08789999999999999,91.0
858,Riverside,0.18289999999999998,82.0
859,San Luis Obispo,0.0,1.0
860,Santa Clara,0.7454999999999999,55.0
862,Orange,0.6017,118.0
863,San Luis Obispo,0.7868,136.0
864,Sonoma,0.6589,129.0
865,Ventura,0.0,9.0
866,Stanislaus,0.24109999999999998,141.0
867,Alameda,0.4878,164.0
868,Los Angeles,0.3883,103.0
869,Orange,0.0,2.0
871,Stanislaus,0.331,142.0
872,Sacramento,0.6114999999999999,139.0
873,San Bernardino,0.2778,18.0
874,Yolo,0.8881,268.0
875,Santa Cruz,0.8111,90.0
876,Stanislaus,0.275,40.0
877,Yolo,0.41600000000000004,125.0
878,Yolo,0.3776,98.0
879,Alameda,0.6042000000000001,48.0
880,Imperial,0.10529999999999999,19.0
881,Inyo,0.0,2.0
882,Kern,0.1881,101.0
883,Los Angeles,0.11560000000000001,199.0
884,Orange,0.8881,286.0
887,Santa Barbara,0.4789,142.0
888,Yuba,0.0,6.0
889,Alameda,0.875,32.0
890,Kern,0.6299,127.0
891,Kern,0.2256,133.0
892,Los Angeles,0.375,264.0
893,Los Angeles,0.3496,266.0
894,Los Angeles,0.6683,208.0
895,San Bernardino,0.5963,109.0
896,San Bernardino,0.0,1.0
897,El Dorado,0.6349,63.0
898,El Dorado,0.7826000000000001,138.0
899,El Dorado,0.5185,54.0
900,Merced,0.1522,46.0
901,Orange,0.4022,92.0
902,Contra Costa,0.2,110.0
903,Kings,0.127,63.0
904,Lake,0.6667000000000001,27.0
906,Los Angeles,0.45770000000000005,461.0
907,Los Angeles,0.42340000000000005,607.0
908,Los Angeles,0.29510000000000003,671.0
909,Los Angeles,0.392,125.0
910,Los Angeles,0.45409999999999995,207.0
911,Los Angeles,0.4721,197.0
912,Los Angeles,0.0,1.0
913,Los Angeles,0.7789,190.0
914,Nevada,0.0,11.0
915,Nevada,0.0,2.0
916,Nevada,0.65,40.0
917,San Diego,0.0,1.0
918,Alameda,0.0,13.0
919,Alameda,0.8571,203.0
920,Lake,0.0,3.0
922,San Diego,0.5690999999999999,246.0
923,Alameda,0.474,192.0
924,Los Angeles,0.0,4.0
925,Los Angeles,0.035699999999999996,28.0
926,Los Angeles,0.1605,81.0
927,Los Angeles,0.0833,60.0
928,Orange,0.0,14.0
929,Santa Clara,0.0,1.0
930,Santa Clara,0.741,139.0
931,Calaveras,0.0,7.0
933,Los Angeles,0.0,7.0
934,Los Angeles,0.0,1.0
935,Los Angeles,0.3591,181.0
936,Los Angeles,0.3214,28.0
937,Los Angeles,0.0,9.0
938,Los Angeles,0.634,194.0
939,Contra Costa,0.0,2.0
940,Los Angeles,0.0116,86.0
941,Orange,0.6698000000000001,324.0
942,San Bernardino,0.32159999999999994,171.0
943,San Diego,0.7204,93.0
944,San Diego,0.0,6.0
945,Los Angeles,0.3448,116.0
946,Plumas,0.0,8.0
947,Sacramento,0.0,7.0
948,San Mateo,0.7042,71.0
949,San Mateo,0.3191,47.0
950,San Mateo,0.6136,176.0
951,Riverside,0.23440000000000003,64.0
952,Riverside,0.9143000000000001,35.0
953,Kern,0.35710000000000003,28.0
954,Los Angeles,0.0,4.0
955,Monterey,0.3857,280.0
956,Riverside,0.3243,111.0
957,Sacramento,0.0857,210.0
958,San Luis Obispo,0.5,52.0
960,Alameda,0.0,12.0
961,Los Angeles,0.4296,135.0
962,Los Angeles,0.0,5.0
965,Santa Barbara,0.7679,56.0
966,Santa Barbara,0.5152,132.0
967,Sutter,0.0,12.0
968,Sutter,0.0,6.0
969,Orange,0.5333,15.0
970,Riverside,0.0,8.0
971,Sacramento,0.1429,28.0
973,Contra Costa,0.7938,97.0
974,Los Angeles,0.8134,134.0
975,Los Angeles,0.375,144.0
976,Napa,0.5172,29.0
977,Riverside,0.26789999999999997,168.0
978,Alameda,0.4539,141.0
979,Los Angeles,0.09380000000000001,96.0
980,Orange,0.6279,172.0
981,Placer,0.5987,157.0
982,San Diego,0.23079999999999998,65.0
983,San Francisco,0.6426000000000001,319.0
984,Santa Clara,0.4901,151.0
985,Santa Clara,0.0,1.0
986,Solano,0.0,1.0
987,Tulare,0.2522,115.0
989,Sonoma,0.0,1.0
990,San Mateo,0.17980000000000002,228.0
991,Santa Clara,0.8804000000000001,184.0
992,Ventura,0.648,125.0
993,Ventura,0.7636,220.0
994,Ventura,0.0,11.0
995,Del Norte,0.0,1.0
997,Los Angeles,0.1462,130.0
999,Mendocino,0.0,11.0
1000,Alameda,0.4,35.0
1001,Alameda,0.1026,39.0
1002,Los Angeles,0.4851,101.0
1003,Riverside,0.6097,392.0
1004,Santa Cruz,0.6,65.0
1005,Santa Cruz,0.5631,103.0
1006,Contra Costa,0.0,4.0
1007,Imperial,0.3529,51.0
1008,Los Angeles,0.8,145.0
1009,Los Angeles,0.9167000000000001,120.0
1012,Los Angeles,0.11900000000000001,84.0
1013,Orange,0.6762999999999999,173.0
1014,Riverside,0.2767,571.0
1016,Glenn,0.1852,27.0
1017,Madera,0.46,50.0
1018,Orange,0.0,3.0
1019,Placer,0.0,4.0
1020,San Diego,0.466,103.0
1021,San Diego,0.6159,138.0
1022,San Bernardino,0.15380000000000002,65.0
1023,San Bernardino,0.32939999999999997,170.0
1024,San Diego,0.0,5.0
1025,San Diego,0.44439999999999996,18.0
1027,Los Angeles,0.6406000000000001,64.0
1028,Los Angeles,0.1404,57.0
1029,Los Angeles,0.0,3.0
1030,Los Angeles,0.193,57.0
1031,Los Angeles,0.2539,382.0
1032,Riverside,0.2432,37.0
1033,San Bernardino,0.0,6.0
1034,Alameda,0.4154,65.0
1035,Fresno,0.0,1.0
1036,Los Angeles,0.4457,92.0
1037,Los Angeles,0.5083,240.0
1038,Orange,0.5971,417.0
1039,Orange,0.1654,381.0
1040,San Joaquin,0.0,7.0
1041,Kern,0.0909,66.0
1042,Los Angeles,0.0,9.0
1043,Los Angeles,0.4891,274.0
1044,Los Angeles,0.763,422.0
1045,San Bernardino,0.2857,77.0
1046,San Diego,0.0,1.0
1047,Los Angeles,0.7490000000000001,247.0
1048,Los Angeles,0.3107,428.0
1049,San Bernardino,0.0,1.0
1050,San Diego,0.4138,58.0
1051,Fresno,0.4757,185.0
1053,Los Angeles,0.18030000000000002,61.0
1055,Orange,0.2965,425.0
1056,Orange,0.4023,87.0
1057,Sacramento,0.1493,134.0
1058,San Bernardino,0.0,2.0
1059,Alameda,0.5543,92.0
1060,Fresno,0.0,5.0
1061,Kern,0.2917,120.0
1062,Los Angeles,0.3697,119.0
1063,Los Angeles,0.0,7.0
1064,Los Angeles,0.5467,150.0
1065,Los Angeles,0.6733,251.0
1066,Monterey,0.0,1.0
1068,Contra Costa,0.2597,77.0
1069,Los Angeles,0.0139,72.0
1070,Los Angeles,0.0,9.0
1071,Los Angeles,0.31579999999999997,19.0
1072,Napa,0.4194,155.0
1073,Contra Costa,0.7595000000000001,79.0
1074,Lake,0.5135000000000001,37.0
1076,Los Angeles,0.4341,182.0
1077,Orange,0.5,18.0
1078,Ventura,0.0123,81.0
1079,Los Angeles,0.0,3.0
1080,Los Angeles,0.0,1.0
1081,Los Angeles,0.1184,76.0
1082,San Diego,0.85,20.0
1083,San Mateo,0.5328,122.0
1084,San Mateo,0.6993,143.0
1085,Alameda,0.2025,79.0
1086,Los Angeles,0.3525,139.0
1087,Marin,0.0,5.0
1088,Shasta,0.0,7.0
1089,Stanislaus,0.0,1.0
1090,Yuba,0.0,1.0
1091,Merced,0.3034,145.0
1092,Riverside,0.7463,67.0
1093,San Diego,0.5969,196.0
1094,San Diego,0.0,7.0
1095,San Diego,0.6444,225.0
1096,San Diego,0.0,1.0
1097,San Joaquin,0.0,3.0
1098,Santa Clara,0.7674,129.0
1099,Solano,0.537,162.0
1100,Santa Clara,0.9464,112.0
1101,Sonoma,0.0,6.0
1102,Santa Clara,0.9431999999999999,88.0
1103,Tuolumne,0.0,1.0
1104,Kings,0.6154,39.0
1106,San Bernardino,0.4036,166.0
1108,Ventura,0.1805,421.0
1109,Ventura,0.2784,352.0
1110,Santa Clara,0.7736,106.0
1111,Ventura,0.5273,110.0
1112,San Bernardino,0.3036,56.0
1113,San Diego,0.8281000000000001,221.0
1114,San Joaquin,0.44439999999999996,63.0
1116,Shasta,0.0,1.0
1117,Sutter,0.0,9.0
1118,San Diego,0.6315999999999999,114.0
1119,San Diego,0.0,3.0
1120,Stanislaus,0.0,2.0
1121,Stanislaus,0.6556000000000001,90.0
1122,Los Angeles,0.0,1.0
1123,Los Angeles,0.2938,211.0
1124,Los Angeles,0.0,6.0
1125,Los Angeles,0.1061,66.0
1126,Los Angeles,0.4028,211.0
1127,Mendocino,0.6049,81.0
1128,Orange,0.2764,246.0
1130,Kern,0.0,1.0
1131,Los Angeles,0.3611,36.0
1132,Monterey,0.0755,106.0
1133,Orange,0.0,5.0
1134,Orange,0.0208,48.0
1135,Sacramento,0.0,1.0
1136,Sacramento,0.0,27.0
1137,Alameda,0.3889,54.0
1138,Humboldt,0.6857,35.0
1139,Humboldt,0.0,9.0
1140,Los Angeles,0.6533,75.0
1141,Los Angeles,0.2576,66.0
1142,Sacramento,0.0,1.0
1143,Fresno,0.2368,76.0
1144,Fresno,0.1273,55.0
1146,Kern,0.6872,195.0
1147,Los Angeles,0.3059,85.0
1148,Los Angeles,0.2903,31.0
1149,Los Angeles,0.1471,68.0
1150,Los Angeles,0.0,2.0
1151,Mono,0.5769,26.0
1152,Riverside,0.17920000000000003,413.0
1153,Sacramento,0.15380000000000002,78.0
1154,Los Angeles,0.0,2.0
1156,San Diego,0.669,142.0
1157,Alameda,0.3846,39.0
1158,Los Angeles,0.25,44.0
1159,Riverside,0.4472,123.0
1160,Riverside,0.0,10.0
1161,Sacramento,0.5522,67.0
1162,San Diego,0.4805,77.0
1163,Fresno,0.09759999999999999,82.0
1164,Glenn,0.16,25.0
1165,Madera,0.4468,47.0
1166,Sacramento,0.0,2.0
1167,San Diego,0.4941,85.0
1168,San Francisco,0.6164999999999999,279.0
1169,Los Angeles,0.0968,31.0
1170,Los Angeles,0.3889,54.0
1171,Sacramento,0.8176000000000001,159.0
1173,Los Angeles,0.08470000000000001,59.0
1174,Los Angeles,0.462,329.0
1175,Riverside,0.6339,336.0
1177,Colusa,0.0,14.0
1178,Los Angeles,0.1991,698.0
1179,Los Angeles,0.0,2.0
1180,San Diego,0.0,10.0
1182,Contra Costa,0.0,7.0
1183,Los Angeles,0.25,196.0
1184,Riverside,0.0,3.0
1185,Riverside,0.6734,349.0
1186,San Bernardino,0.47909999999999997,407.0
1187,San Diego,0.0,7.0
1188,Santa Clara,0.0536,56.0
1189,Santa Clara,0.6563,96.0
1190,Los Angeles,0.8734000000000001,79.0
1192,Orange,0.9204000000000001,226.0
1193,San Diego,0.6286999999999999,307.0
1195,Santa Clara,0.0,9.0
1196,Fresno,0.4733,243.0
1197,Los Angeles,0.4815,27.0
1199,Los Angeles,0.0625,48.0
1200,Riverside,0.0,4.0
1202,San Bernardino,0.1494,87.0
1203,San Diego,0.2766,47.0
1204,San Diego,0.0,34.0
1205,San Joaquin,0.8140000000000001,43.0
1206,Tehama,0.6304,46.0
1207,Los Angeles,0.060599999999999994,33.0
1209,Sacramento,0.6522,138.0
1210,San Joaquin,0.2667,30.0
1211,Santa Clara,0.4432,88.0
1212,Solano,0.1884,69.0
1213,Sonoma,0.0,1.0
1214,Sonoma,0.6512,43.0
1215,Santa Clara,0.3968,126.0
1216,Tulare,0.1642,67.0
1217,Tulare,0.3661,112.0
1218,Tulare,0.0,11.0
1219,Tulare,0.3043,115.0
1220,Santa Clara,0.6042000000000001,96.0
1221,Sonoma,0.5957,47.0
1222,Sonoma,0.5357,140.0
1223,Ventura,0.032799999999999996,61.0
1224,Ventura,0.2608,395.0
1225,San Diego,0.7123,73.0
1226,Stanislaus,0.0,3.0
1227,Los Angeles,0.0,1.0
1228,San Diego,0.0,2.0
1229,San Francisco,0.49689999999999995,159.0
1230,San Francisco,0.375,64.0
1231,Stanislaus,0.5545,101.0
1232,Santa Cruz,0.1765,34.0
1233,San Diego,0.7794,272.0
1234,Tehama,0.0,1.0
1235,Shasta,0.5294,17.0
1236,Yuba,0.5484,31.0
1237,Inyo,0.0,5.0
1240,Los Angeles,0.1941,170.0
1242,Los Angeles,0.47619999999999996,42.0
1243,Los Angeles,0.29600000000000004,125.0
1244,Mendocino,0.0,1.0
1245,Orange,0.5132,152.0
1246,Riverside,0.3333,72.0
1247,Alameda,0.0,9.0
1248,Alameda,0.7444,180.0
1250,Fresno,0.3627,102.0
1251,Los Angeles,0.2459,61.0
1252,San Bernardino,0.3333,213.0
1253,Alameda,0.0,9.0
1254,Humboldt,0.5517,58.0
1255,Los Angeles,0.1586,145.0
1256,Los Angeles,0.3187,91.0
1258,San Diego,0.3824,34.0
1259,Fresno,0.8033,244.0
1261,Los Angeles,0.0,13.0
1262,Los Angeles,0.061900000000000004,97.0
1263,Los Angeles,0.8273999999999999,226.0
1264,Merced,0.3285,137.0
1265,Sacramento,0.4316,95.0
1266,Sacramento,0.0,13.0
1267,San Diego,0.4792,96.0
1268,Alameda,0.3407,135.0
1269,Humboldt,0.6897,58.0
1271,Los Angeles,0.0,14.0
1272,Los Angeles,0.4167,24.0
1273,Los Angeles,0.29100000000000004,134.0
1274,Riverside,0.09609999999999999,385.0
1275,San Diego,0.0,1.0
1276,Alameda,0.7348,132.0
1278,Los Angeles,0.12050000000000001,83.0
1279,Orange,0.6814,204.0
1280,Orange,0.8298000000000001,235.0
1281,Sacramento,0.8201999999999999,228.0
1282,Fresno,0.1606,193.0
1283,Los Angeles,0.6063000000000001,221.0
1284,Los Angeles,0.3195,266.0
1285,San Bernardino,0.6667000000000001,24.0
1286,San Joaquin,0.4375,32.0
1289,Los Angeles,0.1,130.0
1292,Riverside,0.168,125.0
1293,San Diego,0.0,1.0
1294,San Diego,0.0,1.0
1295,Los Angeles,0.0545,55.0
1296,Los Angeles,0.2982,57.0
1297,San Joaquin,0.0,4.0
1298,San Joaquin,0.6993,153.0
1299,Shasta,0.4167,24.0
1300,Butte,0.3043,23.0
1301,Los Angeles,0.8478,92.0
1302,Los Angeles,0.10339999999999999,29.0
1303,Los Angeles,0.099,101.0
1304,Riverside,0.3077,182.0
1305,Sacramento,0.3125,32.0
1307,Santa Clara,0.8675,234.0
1308,Los Angeles,0.0,1.0
1309,Los Angeles,0.046900000000000004,64.0
1311,Shasta,0.0,2.0
1312,Los Angeles,0.0,2.0
1313,San Joaquin,0.4722,72.0
1314,Tulare,0.2836,134.0
1315,Los Angeles,0.22460000000000002,138.0
1316,Los Angeles,0.1955,220.0
1317,Marin,0.0,3.0
1318,Placer,0.0,1.0
1319,Ventura,0.0,4.0
1321,Solano,0.7121,132.0
1322,Tulare,0.0,3.0
1323,Santa Clara,0.0,1.0
1324,Santa Clara,0.2021,94.0
1325,Santa Clara,0.4623,106.0
1326,Butte,0.381,42.0
1328,Monterey,0.3644,118.0
1329,Riverside,0.0,2.0
1330,Riverside,0.0,3.0
1331,San Joaquin,0.4928,69.0
1332,San Joaquin,0.0,1.0
1333,Tulare,0.53,100.0
1335,Fresno,0.55,80.0
1336,Kern,0.2186,183.0
1337,Orange,0.7526,194.0
1338,San Diego,0.0,5.0
1339,Sonoma,0.3265,49.0
1340,Sonoma,0.3837,86.0
1342,Los Angeles,0.0,1.0
1343,Los Angeles,0.0,9.0
1344,Los Angeles,0.4481,395.0
1345,Los Angeles,0.4815,108.0
1346,Los Angeles,0.3184,245.0
1347,Los Angeles,0.1159,69.0
1349,Orange,0.0,1.0
1350,Stanislaus,0.0,1.0
1351,Santa Clara,0.8421,133.0
1353,Sonoma,0.3714,105.0
1354,Ventura,0.6848000000000001,92.0
1355,Santa Cruz,0.1507,73.0
1356,San Joaquin,0.5169,207.0
1357,Santa Barbara,0.7434999999999999,191.0
1358,Santa Barbara,0.6339,183.0
1359,Yuba,0.3421,38.0
1360,Los Angeles,0.25,76.0
1361,Orange,0.7481,270.0
1362,Orange,0.7895,57.0
1363,Mendocino,0.0,1.0
1364,Merced,0.0,1.0
1366,Riverside,0.5618,89.0
1367,Riverside,0.5153,163.0
1368,Contra Costa,0.7606,142.0
1369,Lake,0.0,12.0
1370,Los Angeles,0.36840000000000006,171.0
1371,Los Angeles,0.5185,54.0
1373,Orange,0.0,1.0
1374,Riverside,0.44530000000000003,137.0
1375,San Diego,0.7354,189.0
1376,Glenn,0.0,2.0
1378,Orange,0.5526,76.0
1379,Placer,0.8022,182.0
1380,San Bernardino,0.1743,218.0
1381,San Diego,0.3298,191.0
1382,San Francisco,0.5550999999999999,263.0
1383,San Francisco,0.1739,23.0
1384,Alameda,0.0,12.0
1385,Fresno,0.5789,19.0
1386,Kern,0.3125,16.0
1387,Los Angeles,0.6570999999999999,140.0
1388,Los Angeles,0.193,57.0
1389,Sacramento,0.6396000000000001,111.0
1390,Modoc,0.0,9.0
1391,Mono,0.0,8.0
1392,Mono,0.0,3.0
1393,San Bernardino,0.0,5.0
1394,San Bernardino,0.0,4.0
1396,Los Angeles,0.1059,85.0
1397,Los Angeles,0.3642,151.0
1398,Los Angeles,0.3506,174.0
1399,Los Angeles,0.0882,68.0
1400,Los Angeles,0.5263,19.0
1401,Riverside,0.0,2.0
1402,Riverside,0.2378,185.0
1403,Alameda,0.087,46.0
1404,Alameda,0.3017,116.0
1405,Sacramento,0.0,12.0
1406,San Joaquin,0.0,1.0
1407,Santa Barbara,0.39159999999999995,143.0
1408,Los Angeles,0.5246999999999999,162.0
1409,Mendocino,0.7059000000000001,17.0
1410,Orange,0.7609,343.0
1411,Sacramento,0.0,5.0
1412,Sacramento,0.625,24.0
1413,Sacramento,0.49200000000000005,187.0
1414,Butte,0.46880000000000005,64.0
1415,Kern,0.35,40.0
1416,Riverside,0.2445,229.0
1417,San Joaquin,0.5565,124.0
1418,Kern,0.0,13.0
1419,Los Angeles,0.23579999999999998,318.0
1420,Los Angeles,0.0,4.0
1421,Los Angeles,0.0,2.0
1423,San Diego,0.5385,26.0
1424,San Diego,0.0,1.0
1425,Los Angeles,0.3176,595.0
1426,Los Angeles,0.3094,223.0
1427,Los Angeles,0.376,242.0
1428,Los Angeles,0.2473,182.0
1429,Riverside,0.0,2.0
1431,San Diego,0.0,2.0
1432,Los Angeles,0.0,1.0
1433,Los Angeles,0.1845,103.0
1434,Los Angeles,0.3443,61.0
1435,Placer,0.5,18.0
1436,Placer,0.0,1.0
1437,Riverside,0.20809999999999998,447.0
1438,Stanislaus,0.3448,29.0
1439,Fresno,0.0,1.0
1440,Fresno,0.1573,89.0
1441,Los Angeles,0.75,248.0
1442,Monterey,0.2373,177.0
1443,Sacramento,0.0159,63.0
1444,San Bernardino,0.4179,201.0
1445,Humboldt,0.0,3.0
1446,Marin,0.5139,144.0
1447,Placer,0.0,14.0
1448,San Francisco,0.15689999999999998,51.0
1449,Ventura,0.799,209.0
1450,San Diego,0.1401,157.0
1451,Fresno,0.0,2.0
1452,Sacramento,0.175,40.0
1453,San Joaquin,0.0,1.0
1454,San Joaquin,0.5046,109.0
1455,Siskiyou,0.5652,23.0
1456,Santa Clara,0.6186,194.0
1458,Solano,0.2672,131.0
1459,Solano,0.2432,74.0
1460,Solano,0.0,1.0
1461,Tulare,0.0,4.0
1464,Ventura,0.5847,118.0
1465,San Mateo,0.625,64.0
1466,Santa Clara,0.0,5.0
1467,Ventura,0.0,10.0
1468,Santa Cruz,0.0,8.0
1469,Ventura,0.4316,95.0
1470,Yolo,0.25,16.0
1471,Santa Barbara,0.6327,49.0
1472,Shasta,0.34619999999999995,52.0
1473,Contra Costa,0.35869999999999996,184.0
1476,Los Angeles,0.11900000000000001,42.0
1478,Nevada,0.0,1.0
1479,Amador,0.6923,26.0
1480,Amador,0.5556,27.0
1481,Kern,0.0,4.0
1482,Los Angeles,0.0,1.0
1483,Riverside,0.45159999999999995,124.0
1484,Riverside,0.3721,86.0
1485,Riverside,0.0,4.0
1486,San Bernardino,0.4779,136.0
1487,Butte,0.7037,135.0
1488,Fresno,0.8815999999999999,76.0
1489,Kern,0.2486,173.0
1490,Kern,0.16670000000000001,174.0
1491,Kern,0.3306,245.0
1492,Kern,0.2901,162.0
1493,Los Angeles,0.15560000000000002,45.0
1494,Orange,0.0,5.0
1495,San Bernardino,0.1373,102.0
1496,San Bernardino,0.23329999999999998,60.0
1497,San Bernardino,0.5683,227.0
1498,Los Angeles,0.4388,335.0
1499,Los Angeles,0.7,40.0
1500,Los Angeles,0.1642,67.0
1501,Los Angeles,0.11810000000000001,127.0
1502,Los Angeles,0.2973,37.0
1503,Orange,0.7981,104.0
1504,Orange,0.4324,74.0
1505,Sacramento,0.3448,58.0
1506,Butte,0.4643,28.0
1507,Butte,0.0,2.0
1508,Monterey,0.0,1.0
1509,Orange,0.0,2.0
1510,Riverside,0.386,228.0
1511,Los Angeles,0.1429,42.0
1512,San Diego,0.0,5.0
1513,San Diego,0.0,3.0
1514,Santa Cruz,0.0,6.0
1515,Los Angeles,0.0,8.0
1516,San Diego,0.7212000000000001,165.0
1517,San Diego,0.8527,258.0
1518,San Joaquin,0.34159999999999996,161.0
1519,Kings,0.4583,48.0
1520,Los Angeles,0.2316,95.0
1521,Los Angeles,0.5339,251.0
1523,San Bernardino,0.5556,36.0
1525,San Luis Obispo,0.5075999999999999,132.0
1526,Santa Clara,0.8509,161.0
1527,Contra Costa,0.5616,73.0
1528,Contra Costa,0.37799999999999995,254.0
1529,Los Angeles,0.254,63.0
1530,Plumas,0.0,4.0
1531,San Francisco,0.2,50.0
1532,San Francisco,0.5238,105.0
1533,San Mateo,0.7940999999999999,170.0
1534,Stanislaus,0.0,6.0
1535,Alameda,0.0,6.0
1537,Los Angeles,0.2364,313.0
1538,San Joaquin,0.5586,111.0
1540,Los Angeles,0.21489999999999998,121.0
1541,Los Angeles,0.1125,80.0
1543,Santa Barbara,0.6744,43.0
1544,Stanislaus,0.47619999999999996,21.0
1545,Siskiyou,0.0,1.0
1546,Trinity,0.0,1.0
1547,San Joaquin,0.4359,39.0
1548,San Joaquin,0.3268,153.0
1549,Santa Clara,0.541,244.0
1550,Santa Clara,0.0,11.0
1551,Tulare,0.3261,92.0
1552,Alameda,0.3187,91.0
1553,Merced,0.16670000000000001,18.0
1554,Riverside,0.3382,68.0
1555,Solano,0.5029,173.0
1556,Tulare,0.3233,133.0
1557,San Bernardino,0.0,5.0
1558,Sonoma,0.0,1.0
1559,Los Angeles,0.0,8.0
1561,San Bernardino,0.0,2.0
1562,Sonoma,0.619,147.0
1563,Ventura,0.4914,116.0
1564,Fresno,0.34509999999999996,142.0
1565,Kings,0.3152,92.0
1566,Los Angeles,0.10869999999999999,46.0
1567,Riverside,0.5254,59.0
1568,San Bernardino,0.3103,145.0
1569,Stanislaus,0.0,1.0
1570,San Bernardino,0.5506,514.0
1571,Alameda,0.191,89.0
1572,Los Angeles,0.1791,67.0
1573,Stanislaus,0.0,1.0
1574,Ventura,0.6296,27.0
1575,Stanislaus,0.2152,79.0
1576,Stanislaus,0.0,1.0
1577,Ventura,0.0,3.0
1579,Stanislaus,0.24539999999999998,216.0
1580,Sutter,0.6531,49.0
1581,Sutter,0.6,125.0
1582,Alameda,0.597,67.0
1583,Los Angeles,0.1081,37.0
1584,Sacramento,0.0,1.0
1586,Stanislaus,0.1778,45.0
1587,Yolo,0.36460000000000004,181.0
1588,Alameda,0.0417,24.0
1590,Imperial,0.46909999999999996,194.0
1591,Los Angeles,0.18969999999999998,116.0
1592,Los Angeles,0.1746,126.0
1593,Los Angeles,0.1429,147.0
1594,Los Angeles,0.12140000000000001,173.0
1595,Los Angeles,0.0,3.0
1596,Alameda,0.5982,336.0
1597,Alameda,0.16670000000000001,18.0
1598,Imperial,0.4359,78.0
1599,Los Angeles,0.47759999999999997,134.0
1600,Los Angeles,0.09519999999999999,42.0
1601,Los Angeles,0.0588,85.0
1602,Los Angeles,0.2793,111.0
1603,Riverside,0.5368999999999999,339.0
1604,Sacramento,0.7847,209.0
1605,San Diego,0.0,5.0
1606,Los Angeles,0.24,250.0
1607,Los Angeles,0.1207,174.0
1608,Los Angeles,0.1955,179.0
1609,San Diego,0.0,4.0
1610,San Diego,0.0,9.0
1611,San Diego,0.0,11.0
1613,Humboldt,0.6818000000000001,22.0
1614,Los Angeles,0.3333,36.0
1615,Los Angeles,0.5072,207.0
1616,San Diego,0.0,3.0
1617,Humboldt,0.0,11.0
1618,Los Angeles,0.2101,138.0
1619,Plumas,0.0,7.0
1620,San Francisco,0.0,1.0
1621,San Francisco,0.7442,86.0
1622,Alameda,0.6947,190.0
1623,Kern,0.44439999999999996,162.0
1624,Los Angeles,0.22920000000000001,48.0
1625,Los Angeles,0.087,92.0
1626,Los Angeles,0.3714,280.0
1627,Monterey,0.0,2.0
1628,Orange,0.7804000000000001,214.0
1629,Orange,0.7742,124.0
1630,Sacramento,0.0,1.0
1631,Inyo,0.5094,53.0
1632,Los Angeles,0.129,31.0
1633,Riverside,0.0,2.0
1634,Sacramento,0.0,4.0
1635,Sacramento,0.6623,77.0
1636,Sacramento,0.2195,123.0
1638,San Joaquin,0.5946,74.0
1639,El Dorado,0.0,6.0
1640,El Dorado,0.5902000000000001,61.0
1641,Los Angeles,0.0,44.0
1642,Los Angeles,0.22690000000000002,260.0
1643,Merced,0.3478,46.0
1644,Orange,0.7551000000000001,196.0
1645,Orange,0.5887,231.0
1646,San Bernardino,0.0,7.0
1647,Santa Clara,0.5,54.0
1648,Los Angeles,0.0,1.0
1649,Los Angeles,0.0,6.0
1651,San Bernardino,0.2857,77.0
1652,San Luis Obispo,0.0,1.0
1653,Contra Costa,0.0,4.0
1654,Los Angeles,0.1351,37.0
1655,San Bernardino,0.18600000000000003,328.0
1656,San Diego,0.2632,38.0
1658,Fresno,0.0,2.0
1659,Los Angeles,0.5315,222.0
1661,Riverside,0.18789999999999998,282.0
1662,San Diego,0.5695,151.0
1663,San Diego,0.0,6.0
1664,San Joaquin,0.3982,113.0
1665,Siskiyou,0.0,5.0
1666,Alameda,0.7823,271.0
1669,San Joaquin,0.5,22.0
1670,San Joaquin,0.0,8.0
1671,Alameda,0.7465999999999999,292.0
1672,Kings,0.3636,66.0
1673,Los Angeles,0.71,531.0
1674,Los Angeles,0.3591,323.0
1675,Los Angeles,0.1834,229.0
1676,Los Angeles,0.2419,62.0
1678,Napa,0.5203,148.0
1679,Napa,0.45159999999999995,155.0
1680,Napa,0.5957,47.0
1681,Orange,0.0,1.0
1682,Orange,0.4276,283.0
1683,San Diego,0.4689,177.0
1684,Los Angeles,0.0667,30.0
1686,Orange,0.30760000000000004,582.0
1687,Orange,0.11410000000000001,368.0
1688,Sacramento,0.2667,15.0
1689,San Diego,0.0,3.0
1690,Santa Clara,0.48700000000000004,154.0
1691,Tulare,0.2727,22.0
1692,Glenn,0.0,1.0
1693,Los Angeles,0.34380000000000005,32.0
1694,Sacramento,0.23370000000000002,184.0
1696,San Diego,0.5946,148.0
1697,San Diego,0.0,2.0
1698,San Diego,0.5887,141.0
1699,Santa Barbara,0.0,2.0
1700,Sierra,0.0,5.0
1701,Solano,0.5789,38.0
1702,Butte,0.0,1.0
1703,Santa Clara,0.7479,238.0
1705,Sonoma,0.125,40.0
1706,San Mateo,0.0,8.0
1708,Santa Clara,0.7433,335.0
1709,Santa Cruz,0.0,6.0
1711,Santa Cruz,0.0,5.0
1713,Yolo,0.0,1.0
1714,Sacramento,0.5214,140.0
1715,Sacramento,0.3514,74.0
1716,San Bernardino,0.4673,306.0
1717,San Bernardino,0.4235,170.0
1718,San Diego,0.4,15.0
1720,Sutter,0.3056,36.0
1721,Yuba,0.52,50.0
1722,Alameda,0.7524,311.0
1725,Los Angeles,0.0,1.0
1726,Los Angeles,0.043,93.0
1728,Los Angeles,0.2862,318.0
1729,Los Angeles,0.0,4.0
1730,Imperial,0.2824,131.0
1731,Los Angeles,0.08539999999999999,82.0
1732,Marin,0.5966,119.0
1733,Marin,0.7843000000000001,102.0
1734,Plumas,0.0,8.0
1735,Fresno,0.0,8.0
1736,Los Angeles,0.951,143.0
1737,Los Angeles,0.1161,448.0
1738,Los Angeles,0.2736,106.0
1739,Los Angeles,0.0,1.0
1741,Riverside,0.5157,382.0
1742,San Bernardino,0.2791,86.0
1743,Alameda,0.0,1.0
1744,Contra Costa,0.23,100.0
1746,Los Angeles,0.0,1.0
1747,Los Angeles,0.9875,80.0
1749,Los Angeles,0.6392,97.0
1750,Los Angeles,0.0429,70.0
1751,Madera,0.0,1.0
1752,Orange,0.3093,97.0
1753,Butte,0.6593000000000001,135.0
1755,Orange,0.659,217.0
1756,Riverside,0.0,18.0
1757,Riverside,0.1165,472.0
1758,Sacramento,0.3665,221.0
1759,San Bernardino,0.04,25.0
1760,Los Angeles,0.47369999999999995,38.0
1761,Monterey,0.0,1.0
1762,Monterey,0.7742,62.0
1763,Monterey,0.39149999999999996,212.0
1765,San Bernardino,0.4797,296.0
1766,San Joaquin,0.5374,147.0
1767,Orange,0.3049,492.0
1768,Riverside,0.5385,52.0
1770,Los Angeles,0.0,1.0
1771,Los Angeles,0.10710000000000001,84.0
1772,Los Angeles,0.6272,169.0
1773,Los Angeles,0.7802,182.0
1774,Riverside,0.09519999999999999,42.0
1776,San Diego,0.622,254.0
1777,San Joaquin,0.2742,124.0
1779,San Diego,0.1724,58.0
1780,Kern,0.0,3.0
1781,Los Angeles,0.14429999999999998,97.0
1782,San Bernardino,0.0,3.0
1783,Santa Clara,0.6795,156.0
1784,Santa Clara,0.8826999999999999,179.0
1786,Contra Costa,0.784,162.0
1787,Fresno,0.21050000000000002,57.0
1788,Los Angeles,0.1948,77.0
1789,Los Angeles,0.3925,214.0
1791,Placer,0.0,3.0
1792,San Bernardino,0.2878,205.0
1793,San Diego,0.4167,132.0
1794,San Mateo,0.0,10.0
1796,Glenn,0.4375,32.0
1797,Los Angeles,0.0313,32.0
1798,Orange,0.0,1.0
1799,Placer,0.4974,193.0
1800,Sacramento,0.5771000000000001,175.0
1802,San Diego,0.6818000000000001,132.0
1803,Santa Cruz,0.6777,121.0
1805,Sacramento,0.0,1.0
1806,Fresno,0.0,1.0
1807,Kern,0.0,1.0
1809,Los Angeles,0.0,1.0
1810,San Diego,0.20629999999999998,160.0
1811,San Diego,0.33039999999999997,112.0
1812,San Diego,0.0,7.0
1814,Tulare,0.3,50.0
1815,Santa Clara,0.0417,24.0
1816,Santa Clara,0.1852,54.0
1817,Tulare,0.3333,21.0
1818,Orange,0.6712,219.0
1819,Ventura,0.5227,352.0
1820,San Bernardino,0.0,1.0
1822,San Diego,0.49479999999999996,192.0
1823,San Diego,0.3611,36.0
1824,Humboldt,0.0,7.0
1825,Los Angeles,0.0,1.0
1826,Los Angeles,0.1574,108.0
1827,Los Angeles,0.0,4.0
1828,Marin,0.0,1.0
1829,Orange,0.0,4.0
1830,Placer,0.7556999999999999,176.0
1831,Plumas,0.0,7.0
1832,San Mateo,0.5828,151.0
1833,San Mateo,0.6667000000000001,150.0
1834,Ventura,0.7515000000000001,169.0
1835,Mendocino,0.0,8.0
1836,Orange,0.7409,247.0
1837,Orange,0.3017,179.0
1838,Orange,0.4451,173.0
1839,Santa Barbara,0.0,7.0
1840,Shasta,0.0,1.0
1841,Sacramento,0.15,20.0
1842,Sacramento,0.0,8.0
1844,San Diego,0.31579999999999997,38.0
1845,Shasta,0.0,6.0
1846,Alameda,0.0,2.0
1847,Contra Costa,0.8934000000000001,122.0
1848,Contra Costa,0.4464,56.0
1850,Los Angeles,0.0,1.0
1851,Riverside,0.3,20.0
1852,San Bernardino,0.5138,399.0
1853,Alameda,0.0,14.0
1854,Kern,0.0,12.0
1855,Los Angeles,0.7915000000000001,235.0
1856,Orange,0.7486,179.0
1857,Riverside,0.22699999999999998,185.0
1858,Kern,0.3059,85.0
1859,Los Angeles,0.3443,122.0
1861,Los Angeles,0.38020000000000004,121.0
1862,Monterey,0.7797,59.0
1863,Riverside,0.0,78.0
1864,Fresno,0.0,9.0
1865,Monterey,0.0,1.0
1866,Monterey,0.1702,141.0
1867,San Benito,0.4732,205.0
1868,San Bernardino,0.5472,53.0
1869,San Diego,0.125,16.0
1870,San Diego,0.7031000000000001,256.0
1871,San Diego,0.6869,428.0
1872,Contra Costa,0.8276,261.0
1873,Los Angeles,0.3446,148.0
1874,Los Angeles,0.0,1.0
1875,Los Angeles,0.1709,117.0
1876,Mariposa,0.7222,36.0
1879,San Diego,0.0,7.0
1880,San Diego,0.3103,58.0
1881,San Diego,0.0,7.0
1882,Inyo,0.0,5.0
1883,Los Angeles,0.0,2.0
1884,Los Angeles,0.2778,18.0
1885,Mendocino,0.0,1.0
1886,Mendocino,0.0,4.0
1887,Mendocino,0.0,2.0
1889,Orange,0.3538,195.0
1890,Orange,0.5058,172.0
1893,Santa Barbara,0.0,1.0
1894,Fresno,0.0,9.0
1895,Los Angeles,0.20550000000000002,73.0
1896,Los Angeles,0.2336,107.0
1898,Sacramento,0.5,56.0
1899,San Diego,0.6098,82.0
1900,San Diego,0.3333,60.0
1901,San Diego,0.4,100.0
1902,Fresno,0.059699999999999996,67.0
1903,Monterey,0.2571,70.0
1904,Orange,0.1333,45.0
1905,Orange,0.0,161.0
1906,Sacramento,0.128,328.0
1907,San Diego,0.7368000000000001,190.0
1909,San Luis Obispo,0.6591,44.0
1910,Alameda,0.0,1.0
1911,Contra Costa,0.0,1.0
1912,Lassen,0.0,10.0
1913,Orange,0.4242,66.0
1914,Riverside,0.0,3.0
1917,San Diego,0.0,3.0
1918,Santa Clara,0.625,112.0
1920,Lake,0.0,10.0
1921,Los Angeles,0.1685,89.0
1922,Los Angeles,0.589,146.0
1923,Los Angeles,0.0333,60.0
1924,Los Angeles,0.41969999999999996,274.0
1925,Los Angeles,0.6043999999999999,273.0
1926,San Diego,0.7483,151.0
1928,Los Angeles,0.3077,104.0
1929,Madera,0.2,20.0
1930,Placer,0.8340000000000001,247.0
1931,Placer,0.7643000000000001,157.0
1932,Placer,0.5606,66.0
1933,Sacramento,0.2339,124.0
1934,Santa Cruz,0.0,2.0
1935,Kern,0.2785,79.0
1936,Los Angeles,0.1884,69.0
1937,Los Angeles,0.0645,31.0
1938,Santa Clara,0.3448,87.0
1939,Humboldt,0.0,6.0
1940,Orange,0.3468,124.0
1941,Placer,0.0,3.0
1942,Placer,0.5196999999999999,127.0
1943,Placer,0.6667000000000001,45.0
1944,San Diego,0.3889,18.0
1945,San Mateo,0.8162,234.0
1947,Santa Cruz,0.0,11.0
1948,San Diego,0.15380000000000002,65.0
1949,San Diego,0.0,7.0
1950,Santa Clara,0.7254999999999999,51.0
1951,Siskiyou,0.0,3.0
1952,Siskiyou,0.0,10.0
1953,Tulare,0.0,2.0
1954,Santa Clara,0.05,20.0
1955,Solano,0.0,3.0
1958,Los Angeles,0.0,1.0
1959,San Bernardino,0.0,5.0
1960,Tulare,0.0,2.0
1964,Tuolumne,0.775,40.0
1965,Tuolumne,0.0,1.0
1966,San Diego,0.3208,106.0
1967,San Diego,0.34590000000000004,159.0
1968,San Luis Obispo,0.0,12.0
1970,Ventura,0.0,2.0
1972,Shasta,0.0,6.0
1973,Shasta,0.6111,54.0
1974,Alameda,0.21050000000000002,19.0
1975,Los Angeles,0.0625,16.0
1976,Mendocino,0.3333,18.0
1977,Mendocino,0.0,6.0
1978,Mendocino,0.0,7.0
1979,Riverside,0.5396,543.0
1980,Stanislaus,0.575,40.0
1981,El Dorado,0.7318000000000001,604.0
1982,Los Angeles,0.3812,48676.0
1983,Madera,0.2873,442.0
1984,Yolo,0.5837,759.0
1985,Kern,0.35960000000000003,3793.0
1986,Napa,0.46490000000000004,555.0
1987,Santa Cruz,0.5417000000000001,864.0
1988,Sierra,0.0,5.0
1989,Sacramento,0.45630000000000004,6090.0
1990,San Bernardino,0.3872,10544.0
1991,Calaveras,0.6667000000000001,90.0
1992,Mariposa,0.7222,36.0
1993,Placer,0.6890999999999999,1959.0
1994,Tuolumne,0.6,80.0
1995,Mendocino,0.5069,217.0
1996,Orange,0.5313,16061.0
1997,San Luis Obispo,0.6365,630.0
1998,San Mateo,0.5965,3113.0
1999,Marin,0.6881,965.0
2000,Siskiyou,0.5046,109.0
2001,Glenn,0.2778,90.0
2002,San Joaquin,0.4229,3351.0
2003,Tulare,0.327,1801.0
2004,Alameda,0.5816,5946.0
2005,Fresno,0.3779,4070.0
2006,Sonoma,0.5626,1326.0
2007,Sutter,0.5209,359.0
2008,Monterey,0.3243,1872.0
2009,Stanislaus,0.381,2373.0
2010,Nevada,0.6828,186.0
2011,Solano,0.4865,1410.0
2013,Amador,0.6225999999999999,53.0
2014,Merced,0.2912,1195.0
2015,Mono,0.5676,37.0
2016,San Diego,0.5552,12872.0
2017,Tehama,0.5714,91.0
2018,Trinity,0.0,13.0
2019,Del Norte,0.4167,72.0
2020,Lassen,0.3443,61.0
2021,San Benito,0.47350000000000003,226.0
2022,Yuba,0.49439999999999995,178.0
2023,Humboldt,0.5633,300.0
2024,Imperial,0.3832,775.0
2025,Shasta,0.6373,386.0
2026,Butte,0.6025,551.0
2027,Colusa,0.1892,74.0
2028,Inyo,0.3182,88.0
2029,Modoc,0.5625,16.0
2030,Santa Barbara,0.6003000000000001,1211.0
2031,Santa Clara,0.6676000000000001,6920.0
2032,Ventura,0.4338,4534.0
2033,Kings,0.3386,443.0
2034,Plumas,0.6470999999999999,34.0
2035,Riverside,0.3411,14070.0
2036,State of California,0.45289999999999997,170411.0
2037,Alameda,0.8024,845.0
2038,Alameda,0.7820999999999999,78.0
2039,Alameda,0.39899999999999997,193.0
2040,Fresno,0.30820000000000003,1048.0
2041,Fresno,0.1304,69.0
2042,Imperial,0.1852,27.0
2043,Kern,0.21739999999999998,184.0
2044,Los Angeles,0.48,25.0
2045,Los Angeles,0.18600000000000003,285.0
2046,Los Angeles,0.42460000000000003,1227.0
2047,Los Angeles,0.4508,386.0
2048,Marin,0.8299,435.0
2049,Mendocino,0.7059000000000001,17.0
2050,Mendocino,0.0,5.0
2052,San Bernardino,0.2857,77.0
2053,San Bernardino,0.4239,2437.0
2054,San Bernardino,0.3734,316.0
2055,San Diego,0.7434000000000001,152.0
2056,San Diego,0.5852,1514.0
2057,San Diego,0.0,1.0
2058,San Joaquin,0.5114,483.0
2059,Santa Barbara,0.0,6.0
2060,Santa Clara,0.5484,124.0
2061,Santa Clara,0.7433,335.0
2062,Santa Cruz,0.6376,287.0
2063,Stanislaus,0.2727,66.0
2064,Tehama,0.6304,46.0
2065,Tuolumne,0.0,14.0
2066,Alameda,0.7333,315.0
2068,El Dorado,0.7681,526.0
2069,Fresno,0.5357,28.0
2070,Humboldt,0.5517,58.0
2071,Imperial,0.34619999999999995,52.0
2072,Kern,0.21239999999999998,113.0
2073,Lake,0.6667000000000001,27.0
2074,Los Angeles,0.7359,337.0
2075,Los Angeles,0.9167000000000001,120.0
2076,Los Angeles,0.29100000000000004,1110.0
2077,Madera,0.2553,47.0
2078,Mendocino,0.6264,91.0
2079,Mendocino,0.31579999999999997,19.0
2080,Merced,0.0,1.0
2081,Merced,0.1707,82.0
2082,Monterey,0.33770000000000006,536.0
2083,Riverside,0.5650999999999999,1014.0
2084,Riverside,0.5252,834.0
2085,Sacramento,0.5579,1884.0
2086,San Bernardino,0.3036,56.0
2087,San Bernardino,0.5683,227.0
2088,San Diego,0.7595000000000001,341.0
2089,Santa Cruz,0.0,6.0
2090,Siskiyou,0.5366,41.0
2091,Stanislaus,0.0,8.0
2092,Sutter,0.3056,36.0
2093,Sutter,0.0,13.0
2094,Trinity,0.0,1.0
2095,Yolo,0.3626,182.0
2096,Alameda,0.5952000000000001,373.0
2097,El Dorado,0.0,12.0
2098,Fresno,0.0,11.0
2099,Fresno,0.2368,76.0
2100,Fresno,0.0,27.0
2101,Fresno,0.21050000000000002,57.0
2102,Humboldt,0.66,100.0
2103,Humboldt,0.0,3.0
2104,Kern,0.3226,31.0
2105,Kern,0.5938,32.0
2106,Lassen,0.0,5.0
2107,Lassen,0.0,6.0
2108,Los Angeles,0.6406000000000001,64.0
2109,Los Angeles,0.42700000000000005,185.0
2110,Los Angeles,0.3207,658.0
2111,Los Angeles,0.2535,651.0
2112,Mendocino,0.0,1.0
2113,Monterey,0.7797,59.0
2114,Monterey,0.33240000000000003,725.0
2115,Orange,0.4353,85.0
2116,Orange,0.6242,761.0
2117,Orange,0.0,14.0
2118,Placer,0.0,3.0
2119,Placer,0.7578,417.0
2120,Riverside,0.3613,357.0
2121,Riverside,0.1606,1992.0
2122,Sacramento,0.7239,460.0
2123,San Bernardino,0.4608,102.0
2124,San Bernardino,0.2692,26.0
2125,San Diego,0.129,31.0
2126,San Joaquin,0.3667,529.0
2127,San Luis Obispo,0.5941,202.0
2128,San Mateo,0.0,10.0
2129,San Mateo,0.6397999999999999,236.0
2130,Santa Clara,0.9075,292.0
2131,Shasta,0.3947,76.0
2132,Solano,0.5356000000000001,351.0
2133,Sonoma,0.0,1.0
2134,Sonoma,0.3265,49.0
2135,Sonoma,0.5357,140.0
2136,Stanislaus,0.6522,92.0
2137,Stanislaus,0.45289999999999997,393.0
2139,Trinity,0.0,10.0
2142,Alameda,0.7524,311.0
2143,Colusa,0.0,10.0
2144,Contra Costa,0.5932,295.0
2145,Contra Costa,0.8414,933.0
2146,Fresno,0.34630000000000005,335.0
2147,Lake,0.0,12.0
2148,Los Angeles,0.4943,263.0
2149,Los Angeles,0.4803,356.0
2150,Marin,0.5796,245.0
2151,Mendocino,0.2,25.0
2152,Monterey,0.2703,111.0
2153,Orange,0.722,205.0
2154,Orange,0.3583,1870.0
2155,Orange,0.7116,319.0
2156,Placer,0.619,105.0
2157,Riverside,0.22760000000000002,1195.0
2158,Sacramento,0.6225999999999999,53.0
2159,San Bernardino,0.4318,44.0
2160,San Bernardino,0.2735,501.0
2161,San Bernardino,0.47100000000000003,138.0
2162,San Francisco,0.5532,2256.0
2164,San Mateo,0.0,8.0
2165,Santa Clara,0.6640999999999999,259.0
2166,Sonoma,0.0,3.0
2167,Tulare,0.2727,22.0
2169,Ventura,0.8690000000000001,168.0
2170,Yuba,0.0,6.0
2171,Contra Costa,0.8309000000000001,473.0
2172,Contra Costa,0.319,279.0
2173,Fresno,0.3627,102.0
2174,Humboldt,0.0,9.0
2175,Inyo,0.5094,53.0
2176,Los Angeles,0.5316,316.0
2177,Los Angeles,0.3184,267.0
2178,Los Angeles,0.8295,440.0
2179,Merced,0.293,215.0
2180,Monterey,0.1481,54.0
2181,Placer,0.507,142.0
2182,Riverside,0.33159999999999995,383.0
2183,Riverside,0.2917,696.0
2184,San Diego,0.3846,26.0
2185,San Diego,0.5556,27.0
2186,San Diego,0.5731,527.0
2187,San Diego,0.28859999999999997,149.0
2188,San Diego,0.0,3.0
2189,San Joaquin,0.4242,33.0
2190,San Joaquin,0.556,732.0
2191,San Joaquin,0.47869999999999996,94.0
2192,Santa Barbara,0.6327,49.0
2194,Santa Clara,0.6762,661.0
2195,Santa Clara,0.5725,648.0
2196,Stanislaus,0.233,352.0
2197,Tulare,0.0,4.0
2198,Tulare,0.3,50.0
2199,Tuolumne,0.64,25.0
2200,Yolo,0.25,16.0
2201,Butte,0.6774,31.0
2202,Butte,0.7037,54.0
2203,Contra Costa,0.75,80.0
2204,Contra Costa,0.5928,614.0
2205,El Dorado,0.5185,54.0
2206,Fresno,0.284,169.0
2207,Fresno,0.248,379.0
2208,Kern,0.3679,2786.0
2209,Kings,0.4046,131.0
2210,Orange,0.8809,831.0
2211,Placer,0.6637000000000001,333.0
2212,Sacramento,0.46259999999999996,214.0
2213,San Bernardino,0.5556,36.0
2214,San Bernardino,0.3417,398.0
2215,San Diego,0.0,15.0
2216,San Diego,0.4683,773.0
2217,San Diego,0.0,2.0
2218,San Diego,0.0,8.0
2219,San Diego,0.8004000000000001,1102.0
2220,San Joaquin,0.278,928.0
2221,San Luis Obispo,0.5075999999999999,132.0
2223,Santa Barbara,0.7679,56.0
2224,Santa Clara,0.5528,2388.0
2225,Santa Clara,0.7918999999999999,346.0
2226,Santa Clara,0.669,287.0
2227,Sonoma,0.6715000000000001,137.0
2228,Sonoma,0.0,6.0
2230,Sonoma,0.43939999999999996,132.0
2231,Stanislaus,0.3333,30.0
2232,Ventura,0.26539999999999997,2690.0
2233,Yuba,0.4706,119.0
2234,Alameda,0.8421,114.0
2235,Butte,0.4769,65.0
2236,Del Norte,0.0,1.0
2237,Del Norte,0.4225,71.0
2238,Fresno,0.09759999999999999,82.0
2239,Humboldt,0.619,21.0
2240,Humboldt,0.5385,78.0
2241,Imperial,0.40149999999999997,274.0
2242,Inyo,0.0,5.0
2243,Kern,0.3375,320.0
2244,Lassen,0.0,10.0
2246,Los Angeles,0.3533,368.0
2247,Los Angeles,0.313,1147.0
2248,Los Angeles,0.8414,372.0
2249,Los Angeles,0.1979,1223.0
2250,Los Angeles,0.1464,280.0
2251,Monterey,0.0,2.0
2252,Orange,0.5645,411.0
2253,Orange,0.2137,3149.0
2254,Riverside,0.3,470.0
2255,Sacramento,0.4155,787.0
2256,Sacramento,0.1548,1156.0
2257,San Bernardino,0.3233,467.0
2258,San Diego,0.5647,533.0
2259,San Luis Obispo,0.0,12.0
2261,Sonoma,0.0,1.0
2262,Sutter,0.4571,35.0
2263,Tulare,0.22219999999999998,18.0
2264,Alameda,0.5964,337.0
2265,Alameda,0.3358,1215.0
2266,Butte,0.4143,70.0
2267,El Dorado,0.0,12.0
2268,Fresno,0.2195,41.0
2269,Humboldt,0.0,11.0
2271,Inyo,0.0,2.0
2272,Kern,0.5323,62.0
2273,Los Angeles,0.3084,428.0
2274,Los Angeles,0.49310000000000004,726.0
2275,Los Angeles,0.188,250.0
2276,Los Angeles,0.158,1000.0
2277,Los Angeles,0.37979999999999997,574.0
2278,Los Angeles,0.6642,1376.0
2279,Los Angeles,0.1159,69.0
2281,Madera,0.2402,204.0
2282,Marin,0.6008,258.0
2283,Merced,0.3478,46.0
2284,Modoc,0.0,4.0
2285,Modoc,0.0,3.0
2286,Monterey,0.7619,63.0
2287,Orange,0.6368,1217.0
2288,Orange,0.5299,1574.0
2289,Placer,0.7067,941.0
2290,Riverside,0.2738,84.0
2291,Riverside,0.4233,1290.0
2292,Riverside,0.1718,1310.0
2293,San Bernardino,0.4982,1106.0
2294,San Bernardino,0.3072,472.0
2295,San Diego,0.26789999999999997,112.0
2296,San Diego,0.4818,110.0
2297,San Diego,0.5667,120.0
2298,San Diego,0.5202,396.0
2300,Santa Barbara,0.6957,69.0
2302,Siskiyou,0.375,16.0
2303,Stanislaus,0.24539999999999998,216.0
2305,Tulare,0.4475,467.0
2306,Tulare,0.3043,115.0
2307,Alameda,0.3934,549.0
2308,Alameda,0.41479999999999995,364.0
2309,Alameda,0.7823,271.0
2310,Colusa,0.1429,21.0
2311,Contra Costa,0.5211,639.0
2312,Fresno,0.2157,51.0
2313,Humboldt,0.0,13.0
2314,Inyo,0.0,23.0
2315,Kern,0.0,13.0
2316,Kings,0.3265,49.0
2317,Kings,0.0,2.0
2318,Lassen,0.4,40.0
2319,Los Angeles,0.6479,142.0
2320,Los Angeles,0.2316,95.0
2322,Merced,0.3185,744.0
2323,Merced,0.16670000000000001,18.0
2324,Modoc,0.0,9.0
2325,Riverside,0.5363,1736.0
2326,Sacramento,0.5629,938.0
2327,San Bernardino,0.0,2.0
2328,San Diego,0.3889,18.0
2329,San Joaquin,0.44439999999999996,63.0
2330,San Joaquin,0.25,72.0
2331,Santa Barbara,0.6452,62.0
2332,Santa Cruz,0.7966,59.0
2333,Solano,0.5337,163.0
2334,Sutter,0.6531,49.0
2335,Tehama,0.6,30.0
2336,Tulare,0.5484,31.0
2337,Tuolumne,0.7561,41.0
2338,Ventura,0.6417,321.0
2339,Yuba,0.0,1.0
2340,Alameda,0.0,13.0
2341,Butte,0.0,6.0
2342,Colusa,0.0,29.0
2343,Contra Costa,0.47369999999999995,38.0
2344,Glenn,0.16,25.0
2345,Imperial,0.46909999999999996,194.0
2347,Lake,0.3111,45.0
2348,Los Angeles,0.8,145.0
2349,Los Angeles,0.6877,522.0
2350,Los Angeles,0.35710000000000003,126.0
2351,Los Angeles,0.75,248.0
2352,Los Angeles,0.2748,19988.0
2353,Los Angeles,0.6376,814.0
2354,Madera,0.4468,47.0
2355,Mendocino,0.5806,31.0
2356,Monterey,0.1702,141.0
2357,Orange,0.7091,1313.0
2358,Placer,0.5,18.0
2359,Riverside,0.3243,74.0
2360,Riverside,0.33770000000000006,755.0
2361,Sacramento,0.0,1.0
2362,San Bernardino,0.2768,997.0
2364,Santa Barbara,0.0,3.0
2365,Santa Cruz,0.6,50.0
2366,Shasta,0.4167,24.0
2367,Solano,0.7121,132.0
2368,Solano,0.4885,393.0
2369,Stanislaus,0.4152,1067.0
2370,Sutter,0.0,12.0
2371,Tehama,0.0,14.0
2372,Tulare,0.11289999999999999,62.0
2373,Ventura,0.5714,49.0
2374,Ventura,0.696,125.0
2375,Alameda,0.4539,141.0
2376,Alameda,0.8402,438.0
2377,Fresno,0.0,9.0
2378,Fresno,0.0,1.0
2379,Fresno,0.0,11.0
2380,Glenn,0.0,1.0
2381,Kern,0.0,14.0
2382,Kings,0.0,5.0
2383,Lake,0.525,40.0
2384,Los Angeles,0.385,187.0
2385,Los Angeles,0.5212,165.0
2386,Los Angeles,0.759,639.0
2387,Los Angeles,0.7789,190.0
2388,Marin,0.22219999999999998,27.0
2389,Mendocino,0.0,11.0
2390,Mendocino,0.0,4.0
2391,Napa,0.5957,47.0
2392,Orange,0.7332,742.0
2393,Orange,0.6787000000000001,691.0
2394,Riverside,0.45159999999999995,124.0
2395,Riverside,0.31579999999999997,38.0
2396,San Bernardino,0.68,25.0
2397,San Diego,0.72,25.0
2398,San Diego,0.3761,109.0
2399,San Diego,0.3947,38.0
2400,San Joaquin,0.5169,207.0
2401,San Joaquin,0.6061,132.0
2402,San Mateo,0.4232,912.0
2403,San Mateo,0.6119,894.0
2404,Santa Barbara,0.0,9.0
2405,Santa Clara,0.9046,367.0
2406,Sonoma,0.5957,47.0
2407,Stanislaus,0.575,40.0
2408,Sutter,0.0,9.0
2409,Sutter,0.561,205.0
2410,Tulare,0.2727,33.0
2411,Yolo,0.39909999999999995,223.0
2412,Alameda,0.6978,321.0
2413,Butte,0.3043,23.0
2414,Contra Costa,0.2243,1770.0
2415,Fresno,0.5988,1209.0
2416,Fresno,0.059500000000000004,84.0
2417,Imperial,0.10529999999999999,19.0
2418,Kern,0.0909,66.0
2419,Kings,0.37310000000000004,193.0
2420,Los Angeles,0.2465,998.0
2421,Los Angeles,0.3143,140.0
2422,Madera,0.0,1.0
2423,Mariposa,0.7222,36.0
2424,Mendocino,0.0,7.0
2425,Merced,0.1522,46.0
2426,Merced,0.1628,43.0
2428,Nevada,0.7143,175.0
2429,Nevada,0.0,1.0
2430,Orange,0.5081,1490.0
2431,Plumas,0.6470999999999999,34.0
2432,Riverside,0.4077,493.0
2433,San Benito,0.4732,205.0
2434,San Bernardino,0.2963,27.0
2435,San Bernardino,0.2917,48.0
2436,San Bernardino,0.2597,932.0
2437,San Diego,0.4714,3369.0
2438,San Diego,0.8204,707.0
2439,San Diego,0.0,11.0
2440,San Luis Obispo,0.7784,185.0
2441,San Mateo,0.5714,77.0
2442,Santa Clara,0.4955,335.0
2443,Shasta,0.0,13.0
2444,Shasta,0.0,6.0
2445,Solano,0.6277,94.0
2447,Sonoma,0.5884,413.0
2448,Stanislaus,0.3182,66.0
2449,Tehama,0.0,1.0
2451,Tulare,0.1393,122.0
2452,Tulare,0.35009999999999997,397.0
2453,Yolo,0.5161,31.0
2454,Calaveras,0.6304,46.0
2455,Contra Costa,0.0,5.0
2456,Glenn,0.1852,27.0
2457,Imperial,0.4359,78.0
2458,Lake,0.20929999999999999,43.0
2459,Los Angeles,0.1732,589.0
2460,Los Angeles,0.3417,3705.0
2461,Los Angeles,0.6405,242.0
2462,Los Angeles,0.6809000000000001,47.0
2463,Napa,0.1875,16.0
2464,Riverside,0.23809999999999998,252.0
2465,Sacramento,0.3065,62.0
2466,Sacramento,0.0,1.0
2467,San Benito,0.47619999999999996,21.0
2468,San Bernardino,0.4362,1788.0
2469,San Bernardino,0.4797,296.0
2470,Shasta,0.73,263.0
2471,Sierra,0.0,5.0
2472,Siskiyou,0.5128,39.0
2474,Solano,0.23829999999999998,277.0
2475,Stanislaus,0.0,3.0
2476,Ventura,0.6149,348.0
2477,Ventura,0.7676000000000001,611.0
2478,Ventura,0.4316,95.0
2479,Yuba,0.5,52.0
2480,Alameda,0.1642,67.0
2481,Fresno,0.34509999999999996,142.0
2482,Kern,0.7209,86.0
2483,Los Angeles,0.3187,91.0
2484,Los Angeles,0.2961,233.0
2485,Los Angeles,0.8732,205.0
2486,Madera,0.20929999999999999,86.0
2487,Monterey,0.0,5.0
2488,Nevada,0.0,10.0
2489,Sacramento,0.0,7.0
2490,Sacramento,0.3985,527.0
2491,San Bernardino,0.2353,17.0
2492,San Luis Obispo,0.6444,45.0
2493,San Luis Obispo,0.6296,54.0
2494,Santa Barbara,0.4604,417.0
2495,Santa Barbara,0.687,540.0
2498,Sonoma,0.09519999999999999,21.0
2499,Sonoma,0.0,3.0
2500,Sonoma,0.5495,91.0
2501,Tulare,0.12,100.0
2502,Ventura,0.0,10.0
2504,Butte,0.0,8.0
2505,Butte,0.6837000000000001,294.0
2506,Calaveras,0.0,7.0
2507,Calaveras,0.7027,37.0
2508,Colusa,0.0,14.0
2509,Contra Costa,0.37060000000000004,286.0
2510,Fresno,0.55,80.0
2513,Glenn,0.0,2.0
2514,Glenn,0.0,3.0
2515,Glenn,0.4375,32.0
2516,Humboldt,0.0,7.0
2517,Imperial,0.2824,131.0
2518,Inyo,0.0,5.0
2519,Kern,0.3261,46.0
2521,Kings,0.127,63.0
2522,Los Angeles,0.6386999999999999,631.0
2523,Los Angeles,0.5291,223.0
2524,Los Angeles,0.2973,111.0
2525,Los Angeles,0.6964,359.0
2527,Mendocino,0.0,6.0
2528,Mono,0.5769,26.0
2529,Monterey,0.1477,176.0
2531,Napa,0.46140000000000003,492.0
2532,Orange,0.7342,1332.0
2533,Orange,0.7895,57.0
2534,Riverside,0.2756,577.0
2535,San Bernardino,0.0,9.0
2536,San Diego,0.359,39.0
2537,San Diego,0.5119,2608.0
2541,San Mateo,0.7376999999999999,976.0
2542,Santa Clara,0.8702,878.0
2543,Siskiyou,0.0,10.0
2544,Siskiyou,0.0,3.0
2545,Sonoma,0.6354,277.0
2546,Trinity,0.0,2.0
2547,Tulare,0.3132,380.0
2548,Ventura,0.4914,116.0
2549,Amador,0.6225999999999999,53.0
2550,Fresno,0.25420000000000004,59.0
2551,Kern,0.35,40.0
2552,Los Angeles,0.6654000000000001,263.0
2553,Los Angeles,0.45280000000000004,731.0
2554,Los Angeles,0.9176000000000001,170.0
2555,Los Angeles,0.8785,181.0
2556,Los Angeles,0.7915000000000001,235.0
2557,Los Angeles,0.7069,795.0
2558,Los Angeles,0.7726000000000001,809.0
2559,Los Angeles,0.2768,112.0
2560,Los Angeles,0.11900000000000001,42.0
2562,Madera,0.4561,57.0
2563,Mono,0.0,11.0
2564,Riverside,0.5385,52.0
2565,Riverside,0.22089999999999999,344.0
2566,San Diego,0.0,4.0
2567,San Joaquin,0.24359999999999998,78.0
2568,Santa Cruz,0.3575,372.0
2569,Santa Cruz,0.8111,90.0
2570,Shasta,0.0,4.0
2571,Sonoma,0.0,2.0
2574,Stanislaus,0.275,40.0
2575,Yolo,0.873,307.0
2576,Contra Costa,0.5028,5412.0
2577,Lake,0.3892,167.0
2578,San Francisco,0.5532,2256.0
